Strategy,CAGR,Volatility,Sharpe,MaxDD,Decision,Notes
SMA Crossover,-0.12185634208588725,0.04124301625654238,-3.175535679227622,-0.026329927975329626,FAIL,Sharpe too low (-3.18 < 1.0)
RSI,-0.12612316072435692,0.08233756763668447,-1.6205640731561881,-0.043274581005586565,FAIL,Sharpe too low (-1.62 < 1.0)
Bollinger,0.13984910882294188,0.044242750642918514,3.024176961040361,-0.007035576834644064,PASS,All risk checks passed
