,count,mean,std,min,25%,50%,75%,max
MSFT_Bollinger,986.0,0.0005202724643205915,0.00813730077879829,-0.03709143545192428,0.0,0.0,-0.0,0.142168913918729
