Fast,Slow,CAGR,Volatility,Sharpe,MaxDD
5,50,-0.12185634208588725,0.04124301625654238,-3.175535679227622,-0.026329927975329626
5,100,0.0,0.0,,0.0
5,200,0.0,0.0,,0.0
10,50,-0.12185634208588725,0.04124301625654238,-3.175535679227622,-0.026329927975329626
10,100,0.0,0.0,,0.0
10,200,0.0,0.0,,0.0
20,50,-0.12185634208588725,0.04124301625654238,-3.175535679227622,-0.026329927975329626
20,100,0.0,0.0,,0.0
20,200,0.0,0.0,,0.0
