Strategy,CAGR,Volatility,Sharpe,MaxDD
SMA Crossover,0.04537456477982671,0.16433131022232736,0.3546885590564096,-0.08671305577045729
RSI Strategy,-0.12612316072435692,0.08233756763668447,-1.6205640731561881,-0.043274581005586565
Bollinger Breakout,0.13984910882294188,0.044242750642918514,3.024176961040361,-0.007035576834644064
