CAGR,Volatility,Sharpe,Max Drawdown,Final Value
0.04537456477983004,0.16433131022232675,0.3546885590564063,-0.08671305577045663,1.0091536026051233
